v1,v2,cor
X3pm.Temperature.C.,Maximum.temperature.C.,0.9862169694366238
X3pm.MSL.pressure.hPa.,X9am.MSL.pressure.hPa.,0.9550606084050698
X9am.Temperature.C.,Minimum.temperature.C.,0.9088586142735622
X9am.Temperature.C.,Maximum.temperature.C.,0.8673780818423177
X3pm.Temperature.C.,X9am.Temperature.C.,0.8270935149095949
Maximum.temperature.C.,Minimum.temperature.C.,0.7210240360862225
X3pm.Temperature.C.,Minimum.temperature.C.,0.6767610694165482
X3pm.relative.humidity.,X3pm.Temperature.C.,0.6743761718863034
X3pm.relative.humidity.,Maximum.temperature.C.,0.6073935722973843
Change24HrCloudAmountOktas,X3pm.cloud.amount.oktas.,0.605145604786251
X3pm.cloud.amount.oktas.,X3pm.relative.humidity.,0.5444842299204548
X9am.relative.humidity.,X9am.Temperature.C.,0.5390231113687978
Change24HrCloudAmountOktas,Change24HrRelativeHumidity,0.4971525014508044
Change24HrRelativeHumidity,X3pm.relative.humidity.,0.4956445250321146
X9am.MSL.pressure.hPa.,Minimum.temperature.C.,0.4929129310208818
X3pm.MSL.pressure.hPa.,Minimum.temperature.C.,0.47782660599146753
X3pm.MSL.pressure.hPa.,X9am.Temperature.C.,0.4729096731724668
X9am.MSL.pressure.hPa.,X9am.Temperature.C.,0.4451256598823585
X3pm.relative.humidity.,X9am.cloud.amount.oktas.,0.4351821282160401
X3pm.relative.humidity.,X9am.relative.humidity.,0.4138253710284752
X9am.relative.humidity.,Maximum.temperature.C.,0.40419346858855915
X3pm.Temperature.C.,X9am.relative.humidity.,0.38609511924286055
X3pm.MSL.pressure.hPa.,Maximum.temperature.C.,0.3485098982350336
Change24HrRelativeHumidity,X3pm.cloud.amount.oktas.,0.34567780707551193
Change24HrMSLpressurehPa,X3pm.MSL.pressure.hPa.,0.3437272327216953
X9am.cloud.amount.oktas.,X9am.relative.humidity.,0.34359094654761435
X9am.relative.humidity.,Minimum.temperature.C.,0.3404951680087123
X3pm.relative.humidity.,X9am.Temperature.C.,0.33524084149605665
X3pm.cloud.amount.oktas.,X9am.cloud.amount.oktas.,0.31984908650577476
X3pm.MSL.pressure.hPa.,X3pm.Temperature.C.,0.30148157725432195
X9am.MSL.pressure.hPa.,X9am.relative.humidity.,0.2884036807207561
X3pm.MSL.pressure.hPa.,X9am.relative.humidity.,0.28388244363667064
X9am.MSL.pressure.hPa.,Rainfall.mm.,0.26584326546962184
X3pm.relative.humidity.,Rainfall.mm.,0.2478195740231341
Change24HrRelativeHumidity,X9am.cloud.amount.oktas.,0.2453171725951491
X3pm.cloud.amount.oktas.,X3pm.Temperature.C.,0.24214293096237055
X9am.MSL.pressure.hPa.,Maximum.temperature.C.,0.23360268448256355
X3pm.cloud.amount.oktas.,X9am.MSL.pressure.hPa.,0.22324857705498302
X9am.cloud.amount.oktas.,Rainfall.mm.,0.21045157398184175
Change24HrCloudAmountOktas,X3pm.relative.humidity.,0.20903234543558805
X9am.cloud.amount.oktas.,Minimum.temperature.C.,0.2090141440744764
X3pm.MSL.pressure.hPa.,Rainfall.mm.,0.2069505175350772
Change24HrCloudAmountOktas,Change24HrMSLpressurehPa,0.19104721426470525
X3pm.cloud.amount.oktas.,Rainfall.mm.,0.1790637909984186
X3pm.Temperature.C.,X9am.MSL.pressure.hPa.,0.17736547164856642
X9am.relative.humidity.,Rainfall.mm.,0.17542101545011968
Change24HrMSLpressurehPa,Maximum.temperature.C.,0.16881070285651537
X3pm.MSL.pressure.hPa.,X3pm.cloud.amount.oktas.,0.16804472924597924
X3pm.cloud.amount.oktas.,Maximum.temperature.C.,0.16346539544310051
X3pm.Temperature.C.,X9am.cloud.amount.oktas.,0.16340195030956098
Change24HrMSLpressurehPa,X9am.MSL.pressure.hPa.,0.16277905889899713
Rainfall.mm.,Minimum.temperature.C.,0.15767988315545112
Change24HrRelativeHumidity,X3pm.Temperature.C.,0.15704671282873725
Change24HrMSLpressurehPa,Change24HrRelativeHumidity,0.15328844074326584
Change24HrMSLpressurehPa,X3pm.Temperature.C.,0.14495804264496484
X9am.cloud.amount.oktas.,Maximum.temperature.C.,0.13610501305400582
Change24HrRelativeHumidity,X9am.MSL.pressure.hPa.,0.1351289947700101
X9am.MSL.pressure.hPa.,X9am.cloud.amount.oktas.,0.12950931869109203
X3pm.cloud.amount.oktas.,Minimum.temperature.C.,0.12881239474618955
Change24HrMSLpressurehPa,X9am.relative.humidity.,0.1269826928152215
X3pm.relative.humidity.,Minimum.temperature.C.,0.12353994179108466
Change24HrRelativeHumidity,X3pm.MSL.pressure.hPa.,0.11873423338784832
Change24HrRelativeHumidity,Minimum.temperature.C.,0.10647946104152234
Change24HrMSLpressurehPa,X3pm.cloud.amount.oktas.,0.10444504163775985
Change24HrRelativeHumidity,Maximum.temperature.C.,0.09009673560382946
Change24HrCloudAmountOktas,X9am.cloud.amount.oktas.,0.08929787482054473
X3pm.Temperature.C.,Rainfall.mm.,0.08629208004519975
Rainfall.mm.,Maximum.temperature.C.,0.07985529227800629
X3pm.MSL.pressure.hPa.,X9am.cloud.amount.oktas.,0.07366537047287249
Change24HrMSLpressurehPa,X9am.Temperature.C.,0.07212426430377092
X3pm.MSL.pressure.hPa.,X3pm.relative.humidity.,0.07000932208659368
Change24HrCloudAmountOktas,X3pm.MSL.pressure.hPa.,0.06928027620089822
Change24HrMSLpressurehPa,Rainfall.mm.,0.0655724541046289
Change24HrRelativeHumidity,X9am.relative.humidity.,0.06306437935200629
Change24HrCloudAmountOktas,X3pm.Temperature.C.,0.06177772479113003
Change24HrCloudAmountOktas,Rainfall.mm.,0.0602682358636762
Change24HrCloudAmountOktas,X9am.MSL.pressure.hPa.,0.04818820207084987
X3pm.relative.humidity.,X9am.MSL.pressure.hPa.,0.046107350336591885
X3pm.cloud.amount.oktas.,X9am.Temperature.C.,0.0440236903571072
X3pm.cloud.amount.oktas.,X9am.relative.humidity.,0.04371757442578527
Change24HrRelativeHumidity,X9am.Temperature.C.,0.04136981742369921
Change24HrMSLpressurehPa,X9am.cloud.amount.oktas.,0.038244105045119214
X9am.Temperature.C.,Rainfall.mm.,0.03755229387955715
Change24HrCloudAmountOktas,X9am.Temperature.C.,0.023949248322932798
Change24HrCloudAmountOktas,X9am.relative.humidity.,0.01948287798371591
Change24HrCloudAmountOktas,Maximum.temperature.C.,0.014205019504220108
Change24HrMSLpressurehPa,X3pm.relative.humidity.,0.010563045005573639
Change24HrRelativeHumidity,Rainfall.mm.,0.007949503794791734
Change24HrMSLpressurehPa,Minimum.temperature.C.,0.0020307993330055956
X9am.cloud.amount.oktas.,X9am.Temperature.C.,0.0019013831322691442
Change24HrCloudAmountOktas,Minimum.temperature.C.,0.0011616777903398475
